{
"skeleton": { "hash": "ZH7wBCVDBa2qHUVW5+/sOZlls7U", "spine": "2.1.10", "width": 497.13, "height": 449.93, "images": "" },
"bones": [
	{ "name": "root" },
	{ "name": "bone", "parent": "root", "x": 1.13, "y": 193.49 },
	{ "name": "dangbu", "parent": "bone", "length": 70.71, "x": -5, "y": -18, "rotation": 61.48 },
	{ "name": "youdatui", "parent": "bone", "length": 132.23, "x": -29.99, "y": 7, "rotation": -134.34 },
	{ "name": "zuodatui", "parent": "bone", "length": 106.89, "x": 25.99, "y": 3, "rotation": -70.67 },
	{ "name": "qugan", "parent": "dangbu", "length": 117.79, "x": 78.61, "y": 4.01, "rotation": 72.62 },
	{ "name": "youxiaotui", "parent": "youdatui", "length": 89.81, "x": 127.41, "y": 11.28, "rotation": 82.37 },
	{ "name": "zuoxiaotui", "parent": "zuodatui", "length": 73.02, "x": 112.28, "y": -0.16, "rotation": 27.81 },
	{ "name": "tou", "parent": "qugan", "length": 100.64, "x": 132.25, "y": 27.67, "rotation": 62.96 },
	{ "name": "youshangbi", "parent": "qugan", "length": 93.53, "x": 131.08, "y": 30.6, "rotation": 128.71 },
	{ "name": "zuoshagnbi", "parent": "qugan", "length": 113.14, "x": 82.35, "y": -57.46, "rotation": -168.8 },
	{ "name": "zuoxiaojiao", "parent": "zuoxiaotui", "length": 74.74, "x": 93.96, "y": 16.84, "rotation": -112.42 },
	{ "name": "1", "parent": "tou", "length": 84.05, "x": 24.47, "y": -30.15, "rotation": -108.43 },
	{ "name": "upbutiao", "parent": "zuoshagnbi", "length": 141.3, "x": 144.73, "y": -71.47, "rotation": -59.77 },
	{ "name": "youqianbi", "parent": "youshangbi", "length": 152.08, "x": 93.85, "y": -3.08, "rotation": -69.29 },
	{ "name": "zuoqianbi", "parent": "zuoshagnbi", "length": 118.12, "x": 118.06, "y": 5.8, "rotation": -65.82 },
	{ "name": "xiabutiao", "parent": "youqianbi", "length": 98.04, "x": 46.19, "y": 10.68, "rotation": 77.03 }
],
"slots": [
	{ "name": "1", "bone": "1", "attachment": "1" },
	{ "name": "xiabutiao", "bone": "xiabutiao", "attachment": "xiabutiao" },
	{ "name": "youshangbi", "bone": "youshangbi", "attachment": "youshangbi" },
	{ "name": "youqianbi", "bone": "youqianbi", "attachment": "youqianbi" },
	{ "name": "youxiaotui", "bone": "youxiaotui", "attachment": "youxiaotui" },
	{ "name": "youdatui", "bone": "youdatui", "attachment": "youdatui" },
	{ "name": "dangbu", "bone": "dangbu", "attachment": "dangbu" },
	{ "name": "zuoxiaojiao", "bone": "zuoxiaojiao", "attachment": "zuoxiaojiao" },
	{ "name": "zuoxiaotui", "bone": "zuoxiaotui", "attachment": "zuoxiaotui" },
	{ "name": "zuodatui", "bone": "zuodatui", "attachment": "zuodatui" },
	{ "name": "qugan", "bone": "qugan", "attachment": "qugan" },
	{ "name": "tou", "bone": "tou", "attachment": "tou" },
	{ "name": "upbutiao", "bone": "upbutiao", "attachment": "upbutiao" },
	{ "name": "zuoshagnbi", "bone": "zuoshagnbi", "attachment": "zuoshagnbi" },
	{ "name": "zuoqianbi", "bone": "zuoqianbi", "attachment": "zuoqianbi" }
],
"skins": {
	"default": {
		"1": {
			"1": { "x": 45.09, "y": -1.91, "rotation": -87.98, "width": 80, "height": 103 },
			"2": { "x": 46.61, "y": -2.36, "rotation": -87.98, "width": 75, "height": 118 },
			"3": { "x": 46.61, "y": -2.36, "rotation": -87.98, "width": 70, "height": 114 },
			"4": { "x": 46.61, "y": -2.36, "rotation": -87.98, "width": 69, "height": 103 },
			"5": { "x": 46.61, "y": -2.36, "rotation": -87.98, "width": 65, "height": 98 },
			"6": { "x": 46.61, "y": -2.36, "rotation": -87.98, "width": 70, "height": 99 },
			"7": { "x": 46.61, "y": -2.36, "rotation": -87.98, "width": 74, "height": 100 }
		},
		"dangbu": {
			"dangbu": { "x": -26.09, "y": -22.14, "rotation": -61.48, "width": 107, "height": 224 }
		},
		"qugan": {
			"qugan": { "x": 91.66, "y": -35.9, "rotation": -139.91, "width": 181, "height": 192 }
		},
		"tou": {
			"tou": { "x": 39.76, "y": 7.56, "rotation": 163.57, "width": 109, "height": 138 }
		},
		"upbutiao": {
			"upbutiao": { "x": 71.32, "y": 3.22, "rotation": 86.56, "width": 22, "height": 169 }
		},
		"xiabutiao": {
			"xiabutiao": { "x": 59.96, "y": -2.23, "rotation": 88.33, "width": 50, "height": 151 }
		},
		"youdatui": {
			"youdatui": { "x": 66.81, "y": -1.1, "rotation": 134.34, "width": 128, "height": 119 }
		},
		"youqianbi": {
			"youqianbi": { "x": 111.76, "y": 65.92, "rotation": 165.37, "width": 228, "height": 209 }
		},
		"youshangbi": {
			"youshangbi": { "x": 43.78, "y": -0.36, "rotation": 96.08, "width": 47, "height": 118 }
		},
		"youxiaotui": {
			"youxiaotui": { "x": 50.97, "y": -11.92, "rotation": 51.96, "width": 129, "height": 122 }
		},
		"zuodatui": {
			"zuodatui": { "x": 54.61, "y": 3.1, "rotation": 70.67, "width": 75, "height": 120 }
		},
		"zuoqianbi": {
			"zuoqianbi": { "x": 117.96, "y": -18.66, "rotation": 92.62, "width": 197, "height": 261 }
		},
		"zuoshagnbi": {
			"zuoshagnbi": { "x": 53.89, "y": -0.24, "rotation": 26.79, "width": 137, "height": 90 }
		},
		"zuoxiaojiao": {
			"zuoxiaojiao": { "x": 27.06, "y": -32.87, "rotation": 155.28, "width": 140, "height": 128 }
		},
		"zuoxiaotui": {
			"zuoxiaotui": { "x": 56.83, "y": 5.64, "rotation": 42.86, "width": 140, "height": 128 }
		}
	}
},
"animations": {
	"attacked": {
		"slots": {
			"1": {
				"attachment": [
					{ "time": 0.0666, "name": "2" },
					{ "time": 0.1333, "name": "3" },
					{ "time": 0.2, "name": "4" },
					{ "time": 0.2666, "name": "6" }
				]
			}
		},
		"bones": {
			"root": {
				"rotate": [
					{ "time": 0, "angle": 0, "curve": "stepped" },
					{ "time": 0.3333, "angle": 0 }
				],
				"translate": [
					{ "time": 0, "x": 0, "y": 0, "curve": "stepped" },
					{ "time": 0.3333, "x": 0, "y": 0 }
				],
				"scale": [
					{ "time": 0, "x": 1, "y": 1, "curve": "stepped" },
					{ "time": 0.3333, "x": 1, "y": 1 }
				]
			},
			"bone": {
				"rotate": [
					{ "time": 0, "angle": 0, "curve": "stepped" },
					{ "time": 0.3333, "angle": 0 }
				],
				"translate": [
					{ "time": 0, "x": 0, "y": 0 },
					{ "time": 0.1, "x": 11, "y": 0 },
					{ "time": 0.2333, "x": 4.71, "y": -7 },
					{ "time": 0.3333, "x": 0, "y": 0 }
				],
				"scale": [
					{ "time": 0, "x": 1, "y": 1, "curve": "stepped" },
					{ "time": 0.3333, "x": 1, "y": 1 }
				]
			},
			"dangbu": {
				"rotate": [
					{ "time": 0, "angle": 0, "curve": "stepped" },
					{ "time": 0.3333, "angle": 0 }
				],
				"translate": [
					{ "time": 0, "x": 0, "y": 0, "curve": "stepped" },
					{ "time": 0.3333, "x": 0, "y": 0 }
				],
				"scale": [
					{ "time": 0, "x": 1, "y": 1, "curve": "stepped" },
					{ "time": 0.3333, "x": 1, "y": 1 }
				]
			},
			"youdatui": {
				"rotate": [
					{ "time": 0, "angle": 0 },
					{ "time": 0.1, "angle": -1.54 },
					{ "time": 0.2333, "angle": -3.03 },
					{ "time": 0.3333, "angle": 0 }
				],
				"translate": [
					{ "time": 0, "x": 0, "y": 0, "curve": "stepped" },
					{ "time": 0.3333, "x": 0, "y": 0 }
				],
				"scale": [
					{ "time": 0, "x": 1, "y": 1, "curve": "stepped" },
					{ "time": 0.3333, "x": 1, "y": 1 }
				]
			},
			"zuodatui": {
				"rotate": [
					{ "time": 0, "angle": 0 },
					{ "time": 0.1, "angle": -7.31 },
					{ "time": 0.2333, "angle": -6.49 },
					{ "time": 0.3333, "angle": 0 }
				],
				"translate": [
					{ "time": 0, "x": 0, "y": 0, "curve": "stepped" },
					{ "time": 0.3333, "x": 0, "y": 0 }
				],
				"scale": [
					{ "time": 0, "x": 1, "y": 1, "curve": "stepped" },
					{ "time": 0.3333, "x": 1, "y": 1 }
				]
			},
			"qugan": {
				"rotate": [
					{ "time": 0, "angle": 0 },
					{ "time": 0.1, "angle": 4.94 },
					{ "time": 0.3333, "angle": 0 }
				],
				"translate": [
					{ "time": 0, "x": 0, "y": 0, "curve": "stepped" },
					{ "time": 0.3333, "x": 0, "y": 0 }
				],
				"scale": [
					{ "time": 0, "x": 1, "y": 1, "curve": "stepped" },
					{ "time": 0.3333, "x": 1, "y": 1 }
				]
			},
			"youxiaotui": {
				"rotate": [
					{ "time": 0, "angle": 0 },
					{ "time": 0.1, "angle": -3.55 },
					{ "time": 0.2333, "angle": 4.97 },
					{ "time": 0.3333, "angle": 0 }
				],
				"translate": [
					{ "time": 0, "x": 0, "y": 0, "curve": "stepped" },
					{ "time": 0.3333, "x": 0, "y": 0 }
				],
				"scale": [
					{ "time": 0, "x": 1, "y": 1, "curve": "stepped" },
					{ "time": 0.3333, "x": 1, "y": 1 }
				]
			},
			"zuoxiaotui": {
				"rotate": [
					{ "time": 0, "angle": 0 },
					{ "time": 0.1, "angle": 10.29 },
					{ "time": 0.2333, "angle": 13.79 },
					{ "time": 0.3333, "angle": 0 }
				],
				"translate": [
					{ "time": 0, "x": 0, "y": 0, "curve": "stepped" },
					{ "time": 0.3333, "x": 0, "y": 0 }
				],
				"scale": [
					{ "time": 0, "x": 1, "y": 1, "curve": "stepped" },
					{ "time": 0.3333, "x": 1, "y": 1 }
				]
			},
			"tou": {
				"rotate": [
					{ "time": 0, "angle": 0 },
					{ "time": 0.1, "angle": 8.57 },
					{ "time": 0.3333, "angle": 0 }
				],
				"translate": [
					{ "time": 0, "x": 0, "y": 0, "curve": "stepped" },
					{ "time": 0.3333, "x": 0, "y": 0 }
				],
				"scale": [
					{ "time": 0, "x": 1, "y": 1, "curve": "stepped" },
					{ "time": 0.3333, "x": 1, "y": 1 }
				]
			},
			"youshangbi": {
				"rotate": [
					{ "time": 0, "angle": 0 },
					{ "time": 0.1, "angle": -10.54 },
					{ "time": 0.3333, "angle": 0 }
				],
				"translate": [
					{ "time": 0, "x": 0, "y": 0, "curve": "stepped" },
					{ "time": 0.3333, "x": 0, "y": 0 }
				],
				"scale": [
					{ "time": 0, "x": 1, "y": 1, "curve": "stepped" },
					{ "time": 0.3333, "x": 1, "y": 1 }
				]
			},
			"zuoshagnbi": {
				"rotate": [
					{ "time": 0, "angle": 0 },
					{ "time": 0.1, "angle": -8.19 },
					{ "time": 0.3333, "angle": 0 }
				],
				"translate": [
					{ "time": 0, "x": 0, "y": 0, "curve": "stepped" },
					{ "time": 0.3333, "x": 0, "y": 0 }
				],
				"scale": [
					{ "time": 0, "x": 1, "y": 1, "curve": "stepped" },
					{ "time": 0.3333, "x": 1, "y": 1 }
				]
			},
			"1": {
				"rotate": [
					{ "time": 0, "angle": 0 },
					{ "time": 0.1, "angle": -8.94 },
					{ "time": 0.3333, "angle": 0 }
				],
				"translate": [
					{ "time": 0, "x": 0, "y": 0, "curve": "stepped" },
					{ "time": 0.3333, "x": 0, "y": 0 }
				],
				"scale": [
					{ "time": 0, "x": 1, "y": 1, "curve": "stepped" },
					{ "time": 0.3333, "x": 1, "y": 1 }
				]
			},
			"upbutiao": {
				"rotate": [
					{ "time": 0, "angle": 5.43, "curve": "stepped" },
					{ "time": 0.3333, "angle": 5.43 }
				],
				"translate": [
					{ "time": 0, "x": 0, "y": 0, "curve": "stepped" },
					{ "time": 0.3333, "x": 0, "y": 0 }
				],
				"scale": [
					{ "time": 0, "x": 1, "y": 1, "curve": "stepped" },
					{ "time": 0.3333, "x": 1, "y": 1 }
				]
			},
			"youqianbi": {
				"rotate": [
					{ "time": 0, "angle": 0 },
					{ "time": 0.1, "angle": -13.3 },
					{ "time": 0.3333, "angle": 0 }
				],
				"translate": [
					{ "time": 0, "x": 0, "y": 0, "curve": "stepped" },
					{ "time": 0.3333, "x": 0, "y": 0 }
				],
				"scale": [
					{ "time": 0, "x": 1, "y": 1, "curve": "stepped" },
					{ "time": 0.3333, "x": 1, "y": 1 }
				]
			},
			"zuoqianbi": {
				"rotate": [
					{ "time": 0, "angle": 0 },
					{ "time": 0.1, "angle": -26.46 },
					{ "time": 0.3333, "angle": 0 }
				],
				"translate": [
					{ "time": 0, "x": 0, "y": 0, "curve": "stepped" },
					{ "time": 0.3333, "x": 0, "y": 0 }
				],
				"scale": [
					{ "time": 0, "x": 1, "y": 1, "curve": "stepped" },
					{ "time": 0.3333, "x": 1, "y": 1 }
				]
			},
			"xiabutiao": {
				"rotate": [
					{ "time": 0, "angle": 0 },
					{ "time": 0.1, "angle": 34.35 },
					{ "time": 0.3333, "angle": 0 }
				],
				"translate": [
					{ "time": 0, "x": 0, "y": 0, "curve": "stepped" },
					{ "time": 0.3333, "x": 0, "y": 0 }
				],
				"scale": [
					{ "time": 0, "x": 1, "y": 1, "curve": "stepped" },
					{ "time": 0.3333, "x": 1, "y": 1 }
				]
			},
			"zuoxiaojiao": {
				"rotate": [
					{ "time": 0, "angle": 0.47 },
					{ "time": 0.1, "angle": -1.91 },
					{ "time": 0.2333, "angle": -5.87 },
					{ "time": 0.3333, "angle": 0.47 }
				]
			}
		}
	},
	"attacked2": {
		"slots": {
			"1": {
				"attachment": [
					{ "time": 0.0666, "name": "2" },
					{ "time": 0.1333, "name": "3" },
					{ "time": 0.2, "name": "4" },
					{ "time": 0.2666, "name": "5" },
					{ "time": 0.3333, "name": "6" },
					{ "time": 0.4, "name": "7" }
				]
			}
		},
		"bones": {
			"root": {
				"rotate": [
					{ "time": 0, "angle": 0, "curve": "stepped" },
					{ "time": 0.4666, "angle": 0 }
				],
				"translate": [
					{ "time": 0, "x": 0, "y": 0, "curve": "stepped" },
					{ "time": 0.4666, "x": 0, "y": 0 }
				],
				"scale": [
					{ "time": 0, "x": 1, "y": 1, "curve": "stepped" },
					{ "time": 0.4666, "x": 1, "y": 1 }
				]
			},
			"bone": {
				"rotate": [
					{ "time": 0, "angle": 0, "curve": "stepped" },
					{ "time": 0.4666, "angle": 0 }
				],
				"translate": [
					{ "time": 0, "x": 0, "y": 0 },
					{ "time": 0.1, "x": 12, "y": 8 },
					{ "time": 0.1666, "x": 12.99, "y": 13 },
					{ "time": 0.2666, "x": 12, "y": 8 },
					{ "time": 0.4666, "x": 0, "y": 0 }
				],
				"scale": [
					{ "time": 0, "x": 1, "y": 1, "curve": "stepped" },
					{ "time": 0.4666, "x": 1, "y": 1 }
				]
			},
			"dangbu": {
				"rotate": [
					{ "time": 0, "angle": 0, "curve": "stepped" },
					{ "time": 0.4666, "angle": 0 }
				],
				"translate": [
					{ "time": 0, "x": 0, "y": 0, "curve": "stepped" },
					{ "time": 0.4666, "x": 0, "y": 0 }
				],
				"scale": [
					{ "time": 0, "x": 1, "y": 1, "curve": "stepped" },
					{ "time": 0.4666, "x": 1, "y": 1 }
				]
			},
			"youdatui": {
				"rotate": [
					{ "time": 0, "angle": 0 },
					{ "time": 0.1, "angle": 2.43 },
					{ "time": 0.1666, "angle": 6.07 },
					{ "time": 0.2666, "angle": 2.43 },
					{ "time": 0.4666, "angle": 0 }
				],
				"translate": [
					{ "time": 0, "x": 0, "y": 0, "curve": "stepped" },
					{ "time": 0.4666, "x": 0, "y": 0 }
				],
				"scale": [
					{ "time": 0, "x": 1, "y": 1, "curve": "stepped" },
					{ "time": 0.4666, "x": 1, "y": 1 }
				]
			},
			"zuodatui": {
				"rotate": [
					{ "time": 0, "angle": 0 },
					{ "time": 0.1, "angle": -6.74 },
					{ "time": 0.1666, "angle": -10.21 },
					{ "time": 0.2666, "angle": -6.74 },
					{ "time": 0.4666, "angle": 0 }
				],
				"translate": [
					{ "time": 0, "x": 0, "y": 0, "curve": "stepped" },
					{ "time": 0.4666, "x": 0, "y": 0 }
				],
				"scale": [
					{ "time": 0, "x": 1, "y": 1, "curve": "stepped" },
					{ "time": 0.4666, "x": 1, "y": 1 }
				]
			},
			"qugan": {
				"rotate": [
					{ "time": 0, "angle": 0 },
					{ "time": 0.1, "angle": 7.62 },
					{ "time": 0.1666, "angle": -3.52 },
					{ "time": 0.2666, "angle": -8.98 },
					{ "time": 0.4666, "angle": 0 }
				],
				"translate": [
					{ "time": 0, "x": 0, "y": 0, "curve": "stepped" },
					{ "time": 0.4666, "x": 0, "y": 0 }
				],
				"scale": [
					{ "time": 0, "x": 1, "y": 1, "curve": "stepped" },
					{ "time": 0.4666, "x": 1, "y": 1 }
				]
			},
			"youxiaotui": {
				"rotate": [
					{ "time": 0, "angle": 0 },
					{ "time": 0.1, "angle": -15.39 },
					{ "time": 0.1666, "angle": -26.39 },
					{ "time": 0.2666, "angle": -15.39 },
					{ "time": 0.4666, "angle": 0 }
				],
				"translate": [
					{ "time": 0, "x": 0, "y": 0, "curve": "stepped" },
					{ "time": 0.4666, "x": 0, "y": 0 }
				],
				"scale": [
					{ "time": 0, "x": 1, "y": 1, "curve": "stepped" },
					{ "time": 0.4666, "x": 1, "y": 1 }
				]
			},
			"zuoxiaotui": {
				"rotate": [
					{ "time": 0, "angle": 0 },
					{ "time": 0.1, "angle": 5.43 },
					{ "time": 0.1666, "angle": 10.87 },
					{ "time": 0.2666, "angle": 5.43 },
					{ "time": 0.4666, "angle": 0 }
				],
				"translate": [
					{ "time": 0, "x": 0, "y": 0, "curve": "stepped" },
					{ "time": 0.4666, "x": 0, "y": 0 }
				],
				"scale": [
					{ "time": 0, "x": 1, "y": 1, "curve": "stepped" },
					{ "time": 0.4666, "x": 1, "y": 1 }
				]
			},
			"tou": {
				"rotate": [
					{ "time": 0, "angle": 0 },
					{ "time": 0.1, "angle": -42.78 },
					{ "time": 0.1666, "angle": -51.52 },
					{ "time": 0.2666, "angle": -37.64 },
					{ "time": 0.4666, "angle": 0 }
				],
				"translate": [
					{ "time": 0, "x": 0, "y": 0, "curve": "stepped" },
					{ "time": 0.4666, "x": 0, "y": 0 }
				],
				"scale": [
					{ "time": 0, "x": 1, "y": 1, "curve": "stepped" },
					{ "time": 0.4666, "x": 1, "y": 1 }
				]
			},
			"youshangbi": {
				"rotate": [
					{ "time": 0, "angle": 0 },
					{ "time": 0.2666, "angle": -6.53 },
					{ "time": 0.4666, "angle": 0 }
				],
				"translate": [
					{ "time": 0, "x": 0, "y": 0, "curve": "stepped" },
					{ "time": 0.4666, "x": 0, "y": 0 }
				],
				"scale": [
					{ "time": 0, "x": 1, "y": 1, "curve": "stepped" },
					{ "time": 0.4666, "x": 1, "y": 1 }
				]
			},
			"zuoshagnbi": {
				"rotate": [
					{ "time": 0, "angle": 0 },
					{ "time": 0.1, "angle": -3.17 },
					{ "time": 0.1666, "angle": 3.66 },
					{ "time": 0.2666, "angle": 13.23 },
					{ "time": 0.4666, "angle": 0 }
				],
				"translate": [
					{ "time": 0, "x": 0, "y": 0, "curve": "stepped" },
					{ "time": 0.4666, "x": 0, "y": 0 }
				],
				"scale": [
					{ "time": 0, "x": 1, "y": 1, "curve": "stepped" },
					{ "time": 0.4666, "x": 1, "y": 1 }
				]
			},
			"1": {
				"rotate": [
					{ "time": 0, "angle": 0 },
					{ "time": 0.1, "angle": 45.65 },
					{ "time": 0.1666, "angle": 54 },
					{ "time": 0.2666, "angle": 23.31 },
					{ "time": 0.3666, "angle": -8.51 },
					{ "time": 0.4666, "angle": 0 }
				],
				"translate": [
					{ "time": 0, "x": 0, "y": 0, "curve": "stepped" },
					{ "time": 0.4666, "x": 0, "y": 0 }
				],
				"scale": [
					{ "time": 0, "x": 1, "y": 1, "curve": "stepped" },
					{ "time": 0.4666, "x": 1, "y": 1 }
				]
			},
			"upbutiao": {
				"rotate": [
					{ "time": 0, "angle": 5.43 },
					{ "time": 0.1, "angle": -20.79 },
					{ "time": 0.1666, "angle": -1.16 },
					{ "time": 0.2666, "angle": -1.89 },
					{ "time": 0.4666, "angle": 5.43 }
				],
				"translate": [
					{ "time": 0, "x": 0, "y": 0, "curve": "stepped" },
					{ "time": 0.4666, "x": 0, "y": 0 }
				],
				"scale": [
					{ "time": 0, "x": 1, "y": 1, "curve": "stepped" },
					{ "time": 0.4666, "x": 1, "y": 1 }
				]
			},
			"youqianbi": {
				"rotate": [
					{ "time": 0, "angle": 0 },
					{ "time": 0.1, "angle": -19.33 },
					{ "time": 0.1666, "angle": 4.07 },
					{ "time": 0.2666, "angle": 9.17 },
					{ "time": 0.4666, "angle": 0 }
				],
				"translate": [
					{ "time": 0, "x": 0, "y": 0, "curve": "stepped" },
					{ "time": 0.4666, "x": 0, "y": 0 }
				],
				"scale": [
					{ "time": 0, "x": 1, "y": 1, "curve": "stepped" },
					{ "time": 0.4666, "x": 1, "y": 1 }
				]
			},
			"zuoqianbi": {
				"rotate": [
					{ "time": 0, "angle": 0 },
					{ "time": 0.1, "angle": -8.25 },
					{ "time": 0.1666, "angle": 11.09 },
					{ "time": 0.2666, "angle": 7.6 },
					{ "time": 0.4666, "angle": 0 }
				],
				"translate": [
					{ "time": 0, "x": 0, "y": 0, "curve": "stepped" },
					{ "time": 0.4666, "x": 0, "y": 0 }
				],
				"scale": [
					{ "time": 0, "x": 1, "y": 1, "curve": "stepped" },
					{ "time": 0.4666, "x": 1, "y": 1 }
				]
			},
			"xiabutiao": {
				"rotate": [
					{ "time": 0, "angle": 0 },
					{ "time": 0.1, "angle": 15.63 },
					{ "time": 0.1666, "angle": -8.11 },
					{ "time": 0.2666, "angle": 5.44 },
					{ "time": 0.4666, "angle": 0 }
				],
				"translate": [
					{ "time": 0, "x": 0, "y": 0, "curve": "stepped" },
					{ "time": 0.4666, "x": 0, "y": 0 }
				],
				"scale": [
					{ "time": 0, "x": 1, "y": 1, "curve": "stepped" },
					{ "time": 0.4666, "x": 1, "y": 1 }
				]
			},
			"zuoxiaojiao": {
				"rotate": [
					{ "time": 0, "angle": 0.47 },
					{ "time": 0.1, "angle": 5.63 },
					{ "time": 0.1666, "angle": 8.18 },
					{ "time": 0.2666, "angle": 5.63 },
					{ "time": 0.4666, "angle": 0.47 }
				]
			}
		}
	},
	"idle": {
		"slots": {
			"1": {
				"attachment": [
					{ "time": 0.0666, "name": "2" },
					{ "time": 0.1333, "name": "3" },
					{ "time": 0.2, "name": "4" },
					{ "time": 0.2666, "name": "5" },
					{ "time": 0.3333, "name": "6" },
					{ "time": 0.4, "name": "7" },
					{ "time": 0.4666, "name": "1" },
					{ "time": 0.5333, "name": "2" },
					{ "time": 0.6, "name": "3" },
					{ "time": 0.6666, "name": "4" },
					{ "time": 0.7333, "name": "5" },
					{ "time": 0.8, "name": "6" },
					{ "time": 0.8666, "name": "7" }
				]
			}
		},
		"bones": {
			"root": {
				"rotate": [
					{ "time": 0, "angle": 0, "curve": "stepped" },
					{ "time": 0.9, "angle": 0 }
				],
				"translate": [
					{ "time": 0, "x": 0, "y": 0, "curve": "stepped" },
					{ "time": 0.9, "x": 0, "y": 0 }
				],
				"scale": [
					{ "time": 0, "x": 1, "y": 1, "curve": "stepped" },
					{ "time": 0.9, "x": 1, "y": 1 }
				]
			},
			"bone": {
				"rotate": [
					{ "time": 0, "angle": 0, "curve": "stepped" },
					{ "time": 0.9, "angle": 0 }
				],
				"translate": [
					{ "time": 0, "x": 0, "y": 0 },
					{ "time": 0.3333, "x": 0, "y": -12 },
					{ "time": 0.9, "x": 0, "y": 0 }
				],
				"scale": [
					{ "time": 0, "x": 1, "y": 1, "curve": "stepped" },
					{ "time": 0.9, "x": 1, "y": 1 }
				]
			},
			"dangbu": {
				"rotate": [
					{ "time": 0, "angle": 0, "curve": "stepped" },
					{ "time": 0.3333, "angle": 0, "curve": "stepped" },
					{ "time": 0.9, "angle": 0 }
				],
				"translate": [
					{ "time": 0, "x": 0, "y": 0, "curve": "stepped" },
					{ "time": 0.3333, "x": 0, "y": 0, "curve": "stepped" },
					{ "time": 0.9, "x": 0, "y": 0 }
				],
				"scale": [
					{ "time": 0, "x": 1, "y": 1, "curve": "stepped" },
					{ "time": 0.9, "x": 1, "y": 1 }
				]
			},
			"youdatui": {
				"rotate": [
					{ "time": 0, "angle": 0 },
					{ "time": 0.3333, "angle": -5.4 },
					{ "time": 0.9, "angle": 0 }
				],
				"translate": [
					{ "time": 0, "x": 0, "y": 0, "curve": "stepped" },
					{ "time": 0.9, "x": 0, "y": 0 }
				],
				"scale": [
					{ "time": 0, "x": 1, "y": 1, "curve": "stepped" },
					{ "time": 0.9, "x": 1, "y": 1 }
				]
			},
			"zuodatui": {
				"rotate": [
					{ "time": 0, "angle": 0 },
					{ "time": 0.3333, "angle": -3.3 },
					{ "time": 0.9, "angle": 0 }
				],
				"translate": [
					{ "time": 0, "x": 0, "y": 0, "curve": "stepped" },
					{ "time": 0.9, "x": 0, "y": 0 }
				],
				"scale": [
					{ "time": 0, "x": 1, "y": 1, "curve": "stepped" },
					{ "time": 0.9, "x": 1, "y": 1 }
				]
			},
			"qugan": {
				"rotate": [
					{ "time": 0, "angle": 0 },
					{ "time": 0.3333, "angle": -4.21 },
					{ "time": 0.5666, "angle": 3.49 },
					{ "time": 0.9, "angle": 0 }
				],
				"translate": [
					{ "time": 0, "x": 0, "y": 0, "curve": "stepped" },
					{ "time": 0.9, "x": 0, "y": 0 }
				],
				"scale": [
					{ "time": 0, "x": 1, "y": 1, "curve": "stepped" },
					{ "time": 0.9, "x": 1, "y": 1 }
				]
			},
			"youxiaotui": {
				"rotate": [
					{ "time": 0, "angle": 0 },
					{ "time": 0.3333, "angle": 13.24 },
					{ "time": 0.9, "angle": 0 }
				],
				"translate": [
					{ "time": 0, "x": 0, "y": 0, "curve": "stepped" },
					{ "time": 0.9, "x": 0, "y": 0 }
				],
				"scale": [
					{ "time": 0, "x": 1, "y": 1, "curve": "stepped" },
					{ "time": 0.9, "x": 1, "y": 1 }
				]
			},
			"zuoxiaotui": {
				"rotate": [
					{ "time": 0, "angle": 0 },
					{ "time": 0.3333, "angle": 13.04 },
					{ "time": 0.9, "angle": 0 }
				],
				"translate": [
					{ "time": 0, "x": 0, "y": 0, "curve": "stepped" },
					{ "time": 0.9, "x": 0, "y": 0 }
				],
				"scale": [
					{ "time": 0, "x": 1, "y": 1, "curve": "stepped" },
					{ "time": 0.9, "x": 1, "y": 1 }
				]
			},
			"tou": {
				"rotate": [
					{ "time": 0, "angle": 0 },
					{ "time": 0.3333, "angle": -10.44 },
					{ "time": 0.5666, "angle": -19 },
					{ "time": 0.9, "angle": 0 }
				],
				"translate": [
					{ "time": 0, "x": 0, "y": 0, "curve": "stepped" },
					{ "time": 0.9, "x": 0, "y": 0 }
				],
				"scale": [
					{ "time": 0, "x": 1, "y": 1, "curve": "stepped" },
					{ "time": 0.9, "x": 1, "y": 1 }
				]
			},
			"youshangbi": {
				"rotate": [
					{ "time": 0, "angle": 0 },
					{ "time": 0.3333, "angle": -7.56 },
					{ "time": 0.5666, "angle": -0.85 },
					{ "time": 0.9, "angle": 0 }
				],
				"translate": [
					{ "time": 0, "x": 0, "y": 0, "curve": "stepped" },
					{ "time": 0.9, "x": 0, "y": 0 }
				],
				"scale": [
					{ "time": 0, "x": 1, "y": 1, "curve": "stepped" },
					{ "time": 0.9, "x": 1, "y": 1 }
				]
			},
			"zuoshagnbi": {
				"rotate": [
					{ "time": 0, "angle": 0 },
					{ "time": 0.3333, "angle": 12.4 },
					{ "time": 0.5666, "angle": 6.53 },
					{ "time": 0.9, "angle": 0 }
				],
				"translate": [
					{ "time": 0, "x": 0, "y": 0, "curve": "stepped" },
					{ "time": 0.9, "x": 0, "y": 0 }
				],
				"scale": [
					{ "time": 0, "x": 1, "y": 1, "curve": "stepped" },
					{ "time": 0.9, "x": 1, "y": 1 }
				]
			},
			"1": {
				"rotate": [
					{ "time": 0, "angle": 0 },
					{ "time": 0.3333, "angle": 16.44 },
					{ "time": 0.5666, "angle": 0.53 },
					{ "time": 0.9, "angle": 0 }
				],
				"translate": [
					{ "time": 0, "x": 0, "y": 0, "curve": "stepped" },
					{ "time": 0.9, "x": 0, "y": 0 }
				],
				"scale": [
					{ "time": 0, "x": 1, "y": 1, "curve": "stepped" },
					{ "time": 0.9, "x": 1, "y": 1 }
				]
			},
			"upbutiao": {
				"rotate": [
					{ "time": 0, "angle": 5.43 },
					{ "time": 0.3333, "angle": -16.56 },
					{ "time": 0.5666, "angle": 0.04 },
					{ "time": 0.9, "angle": 5.43 }
				],
				"translate": [
					{ "time": 0, "x": 0, "y": 0, "curve": "stepped" },
					{ "time": 0.9, "x": 0, "y": 0 }
				],
				"scale": [
					{ "time": 0, "x": 1, "y": 1, "curve": "stepped" },
					{ "time": 0.9, "x": 1, "y": 1 }
				]
			},
			"youqianbi": {
				"rotate": [
					{ "time": 0, "angle": 0 },
					{ "time": 0.3333, "angle": 10.81 },
					{ "time": 0.5666, "angle": -13.53 },
					{ "time": 0.9, "angle": 0 }
				],
				"translate": [
					{ "time": 0, "x": 0, "y": 0, "curve": "stepped" },
					{ "time": 0.9, "x": 0, "y": 0 }
				],
				"scale": [
					{ "time": 0, "x": 1, "y": 1, "curve": "stepped" },
					{ "time": 0.9, "x": 1, "y": 1 }
				]
			},
			"zuoqianbi": {
				"rotate": [
					{ "time": 0, "angle": 0 },
					{ "time": 0.3333, "angle": -7.19 },
					{ "time": 0.5666, "angle": 0.89 },
					{ "time": 0.9, "angle": 0 }
				],
				"translate": [
					{ "time": 0, "x": 0, "y": 0, "curve": "stepped" },
					{ "time": 0.9, "x": 0, "y": 0 }
				],
				"scale": [
					{ "time": 0, "x": 1, "y": 1, "curve": "stepped" },
					{ "time": 0.9, "x": 1, "y": 1 }
				]
			},
			"xiabutiao": {
				"rotate": [
					{ "time": 0, "angle": 0 },
					{ "time": 0.3333, "angle": 8.66 },
					{ "time": 0.5666, "angle": 4.49 },
					{ "time": 0.9, "angle": 0 }
				],
				"translate": [
					{ "time": 0, "x": 0, "y": 0, "curve": "stepped" },
					{ "time": 0.9, "x": 0, "y": 0 }
				],
				"scale": [
					{ "time": 0, "x": 1, "y": 1, "curve": "stepped" },
					{ "time": 0.9, "x": 1, "y": 1 }
				]
			},
			"zuoxiaojiao": {
				"rotate": [
					{ "time": 0, "angle": 0.47 },
					{ "time": 0.3333, "angle": -9.23 },
					{ "time": 0.9, "angle": 0.47 }
				]
			}
		}
	}
}
}